{
  "hash": "7f8a8b77",
  "configHash": "fde520db",
  "lockfileHash": "9740ad18",
  "browserHash": "766a3289",
  "optimized": {
    "@angular/core": {
      "src": "../../../../../node_modules/@angular/core/fesm2022/core.mjs",
      "file": "@angular_core.js",
      "fileHash": "d29459a4",
      "needsInterop": false
    },
    "@angular/platform-browser": {
      "src": "../../../../../node_modules/@angular/platform-browser/fesm2022/platform-browser.mjs",
      "file": "@angular_platform-browser.js",
      "fileHash": "be800aa5",
      "needsInterop": false
    },
    "@angular/router": {
      "src": "../../../../../node_modules/@angular/router/fesm2022/router.mjs",
      "file": "@angular_router.js",
      "fileHash": "2d4d4714",
      "needsInterop": false
    },
    "rxjs": {
      "src": "../../../../../node_modules/rxjs/dist/esm5/index.js",
      "file": "rxjs.js",
      "fileHash": "62eda37c",
      "needsInterop": false
    },
    "@angular/common/http": {
      "src": "../../../../../node_modules/@angular/common/fesm2022/http.mjs",
      "file": "@angular_common_http.js",
      "fileHash": "4cfe056a",
      "needsInterop": false
    },
    "@angular/forms": {
      "src": "../../../../../node_modules/@angular/forms/fesm2022/forms.mjs",
      "file": "@angular_forms.js",
      "fileHash": "7bf6e208",
      "needsInterop": false
    },
    "@angular/common": {
      "src": "../../../../../node_modules/@angular/common/fesm2022/common.mjs",
      "file": "@angular_common.js",
      "fileHash": "500bc668",
      "needsInterop": false
    }
  },
  "chunks": {
    "chunk-SV36TQ4W": {
      "file": "chunk-SV36TQ4W.js"
    },
    "chunk-LSY3H5U7": {
      "file": "chunk-LSY3H5U7.js"
    },
    "chunk-RURLEJOV": {
      "file": "chunk-RURLEJOV.js"
    },
    "chunk-QEYWROO2": {
      "file": "chunk-QEYWROO2.js"
    },
    "chunk-YTR4LZ5T": {
      "file": "chunk-YTR4LZ5T.js"
    }
  }
}